Date,Adj Close
2010-01-04,484.266083
2010-01-05,482.104797
2010-01-06,489.894501
2010-01-07,498.02182
2010-01-08,496.716095
2010-01-11,486.967743
2010-01-12,488.250977
2010-01-13,490.164642
2010-01-14,505.068634
2010-01-15,500.138214
2010-01-18,495.07254
2010-01-19,488.543671
2010-01-20,485.166687
2010-01-21,474.607788
2010-01-22,474.517731
2010-01-25,469.204559
2010-01-27,462.675598
2010-01-28,466.99823
2010-01-29,471.073151
2010-02-01,470.712952
2010-02-02,462.563049
2010-02-03,465.557312
2010-02-04,458.893341
2010-02-05,442.030701
2010-02-06,
2010-02-08,447.726685
2010-02-09,447.231323
2010-02-10,443.561615
2010-02-11,457.092194
2010-02-15,454.773376
2010-02-16,458.263031
2010-02-17,464.926941
2010-02-18,449.28009
2010-02-19,442.706116
2010-02-22,440.342163
2010-02-23,439.171509
2010-02-24,440.724915
2010-02-25,433.655731
2010-02-26,440.79245
2010-03-02,442.706116
2010-03-03,461.437317
2010-03-04,456.574402
2010-03-05,454.68335
2010-03-08,452.116821
2010-03-09,445.925568
2010-03-10,454.21051
2010-03-11,457.677643
2010-03-12,459.996552
2010-03-15,462.900726
2010-03-16,480.866547
2010-03-17,481.654541
2010-03-18,484.919006
2010-03-19,491.718079
2010-03-22,483.568146
2010-03-23,491.425323
2010-03-25,491.447968
2010-03-26,495.500305
2010-03-29,492.280945
2010-03-30,489.962036
2010-03-31,483.703339
2010-04-01,491.718079
2010-04-05,506.959717
2010-04-06,505.743866
2010-04-07,508.670776
2010-04-08,498.247009
2010-04-09,506.419373
2010-04-12,507.61264
2010-04-13,504.708435
2010-04-15,491.11026
2010-04-16,488.206024
2010-04-19,478.097412
2010-04-20,478.727753
2010-04-21,474.630341
2010-04-22,484.378632
2010-04-23,489.984528
2010-04-26,482.352478
2010-04-27,477.849701
2010-04-28,458.037872
2010-04-29,466.052643
2010-04-30,465.39978
2010-05-03,460.9646
2010-05-04,459.793884
2010-05-05,459.568756
2010-05-06,453.805237
2010-05-07,465.039551
2010-05-10,489.338715
2010-05-11,484.079987
2010-05-12,490.948151
2010-05-13,485.893402
2010-05-14,473.131653
2010-05-17,460.8461
2010-05-18,462.68222
2010-05-19,452.731323
2010-05-20,453.320587
2010-05-21,451.325928
2010-05-24,463.611511
2010-05-25,446.83786
2010-05-26,456.992737
2010-05-27,463.430176
2010-05-28,469.958282
2010-05-31,474.015717
2010-06-01,458.126068
2010-06-02,458.352722
2010-06-03,467.306213
2010-06-04,467.487579
2010-06-07,456.856659
2010-06-08,451.711273
2010-06-09,456.539368
2010-06-10,460.302094
2010-06-11,474.378448
2010-06-14,482.130676
2010-06-15,483.309357
2010-06-16,479.614594
2010-06-17,485.712006
2010-06-18,477.982452
2010-06-21,483.105255
2010-06-22,482.266541
2010-06-23,479.954498
2010-06-24,476.939789
2010-06-25,481.881287
2010-06-28,494.212158
2010-06-29,483.921326
2010-06-30,494.076202
2010-07-01,487.910767
2010-07-02,484.601349
2010-07-05,484.306641
2010-07-06,486.845337
2010-07-07,477.619812
2010-07-08,479.229187
2010-07-09,479.478485
2010-07-12,478.843903
2010-07-13,487.026672
2010-07-14,485.281372
2010-07-15,486.641449
2010-07-16,481.881287
2010-07-19,478.753113
2010-07-20,477.34787
2010-07-21,479.818512
2010-07-22,480.090576
2010-07-23,480.747955
2010-07-26,477.415833
2010-07-27,477.597137
2010-07-28,462.976776
2010-07-29,457.944702
2010-07-30,457.718048
2010-08-02,459.939484
2010-08-03,465.923584
2010-08-04,460.619415
2010-08-05,456.539368
2010-08-06,453.38858
2010-08-09,450.441895
2010-08-10,447.857819
2010-08-11,445.749786
2010-08-12,440.921661
2010-08-13,443.868408
2010-08-16,442.871063
2010-08-17,440.037689
2010-08-18,437.294922
2010-08-19,443.007111
2010-08-20,448.197876
2010-08-23,442.871063
2010-08-24,440.830963
2010-08-25,438.745575
2010-08-26,433.600189
2010-08-27,430.494812
2010-08-30,429.746765
2010-08-31,416.713165
2010-09-01,424.419922
2010-09-02,424.986694
2010-09-03,419.659851
2010-09-06,431.877563
2010-09-07,436.252228
2010-09-08,435.028168
2010-09-09,434.552216
2010-09-13,449.943237
2010-09-14,447.971222
2010-09-15,459.644806
2010-09-16,453.501923
2010-09-17,465.742218
2010-09-20,472.111694
2010-09-21,469.27832
2010-09-22,462.4328
2010-09-23,452.277924
2010-09-24,454.091309
2010-09-27,457.967377
2010-09-28,452.663361
2010-09-29,452.889954
2010-09-30,447.563141
2010-10-01,456.924683
2010-10-04,461.435486
2010-10-05,464.155487
2010-10-06,473.72113
2010-10-07,471.091644
2010-10-08,475.851837
2010-10-11,484.714722
2010-10-12,478.549103
2010-10-13,486.460083
2010-10-14,480.090576
2010-10-15,471.635651
2010-10-18,474.854492
2010-10-19,473.47168
2010-10-20,475.761108
2010-10-21,490.358826
2010-10-22,490.426788
2010-10-25,494.302826
2010-10-26,498.156281
2010-10-27,495.390961
2010-10-28,490.517456
2010-10-29,496.977509
2010-11-01,495.594879
2010-11-02,487.276031
2010-11-03,482.946594
2010-11-04,500.967041
2010-11-08,504.049713
2010-11-09,502.553802
2010-11-10,499.674927
2010-11-11,489.565491
2010-11-12,481.382599
2010-11-15,478.141174
2010-11-16,467.170288
2010-11-18,468.280884
2010-11-19,451.64325
2010-11-22,458.896729
2010-11-23,451.348572
2010-11-24,451.552582
2010-11-25,444.049744
2010-11-26,436.274933
2010-11-29,452.617981
2010-11-30,446.815155
2010-12-01,448.265869
2010-12-02,458.39801
2010-12-03,456.018036
2010-12-06,462.478149
2010-12-07,467.2836
2010-12-08,462.659515
2010-12-09,446.316498
2010-12-10,464.178223
2010-12-13,472.270416
2010-12-14,478.390533
2010-12-15,477.778503
2010-12-16,479.115753
2010-12-20,479.070526
2010-12-21,486.505432
2010-12-22,478.753113
2010-12-23,480.271881
2010-12-24,480.407837
2010-12-27,478.390533
2010-12-28,475.058411
2010-12-29,475.375824
2010-12-30,476.554474
2010-12-31,479.954498
2011-01-03,478.549103
2011-01-04,488.296051
2011-01-05,487.706726
2011-01-06,492.149506
2011-01-07,482.991913
2011-01-10,468.507629
2011-01-11,459.576752
2011-01-12,467.306213
2011-01-13,460.302094
2011-01-14,454.023315
2011-01-17,452.391266
2011-01-18,451.008575
2011-01-19,444.344421
2011-01-20,439.674988
2011-01-21,447.359161
2011-01-24,440.468353
2011-01-25,434.52951
2011-01-27,427.366699
2011-01-28,413.902405
2011-01-31,416.758545
2011-02-01,405.968872
2011-02-02,417.665161
2011-02-03,427.910675
2011-02-04,417.075836
2011-02-07,421.178589
2011-02-08,414.922455
2011-02-09,414.491791
2011-02-10,407.85025
2011-02-11,412.519806
2011-02-14,414.718414
2011-02-15,426.913361
2011-02-16,428.023987
2011-02-17,432.466827
2011-02-18,424.125336
2011-02-21,433.55484
2011-02-22,446.475128
2011-02-23,451.371277
2011-02-24,437.113586
2011-02-25,438.042969
2011-02-28,437.136261
2011-03-01,448.288483
2011-03-03,443.097748
2011-03-04,445.273773
2011-03-07,442.939056
2011-03-08,446.520477
2011-03-09,450.555237
2011-03-10,446.429749
2011-03-11,449.739258
2011-03-14,461.66214
2011-03-15,470.230377
2011-03-16,474.695709
2011-03-17,467.328949
2011-03-18,450.169861
2011-03-21,448.945862
2011-03-22,453.184662
2011-03-23,459.350067
2011-03-24,458.012665
2011-03-25,465.402191
2011-03-28,464.994202
2011-03-29,463.656799
2011-03-30,468.076935
2011-03-31,475.602386
2011-04-01,469.845001
2011-04-04,476.305145
2011-04-05,474.945129
2011-04-06,473.675751
2011-04-07,472.338348
2011-04-08,464.178223
2011-04-11,455.746002
2011-04-13,463.226227
2011-04-15,462.840851
2011-04-18,457.491364
2011-04-19,458.624756
2011-04-20,465.084808
2011-04-21,471.749023
2011-04-25,457.582092
2011-04-26,453.864624
2011-04-27,447.041779
2011-04-28,440.830963
2011-04-29,445.97641
2011-05-02,437.362946
2011-05-03,427.910675
2011-05-04,429.610809
2011-05-05,434.320007
2011-05-06,436.651733
2011-05-09,438.594818
2011-05-10,434.68573
2011-05-11,436.834564
2011-05-12,432.28537
2011-05-13,433.428436
2011-05-16,432.056793
2011-05-17,420.923889
2011-05-18,412.328522
2011-05-19,418.569305
2011-05-20,422.089752
2011-05-23,415.780365
2011-05-24,418.683624
2011-05-25,414.225891
2011-05-26,426.959045
2011-05-27,432.262573
2011-05-30,429.245026
2011-05-31,435.188599
2011-06-01,432.879761
2011-06-02,434.822876
2011-06-03,427.301849
2011-06-06,428.742065
2011-06-07,438.114716
2011-06-08,433.977081
2011-06-09,436.1716
2011-06-10,431.828217
2011-06-13,423.187103
2011-06-14,416.671936
2011-06-15,411.7341
2011-06-16,405.790497
2011-06-17,397.195038
2011-06-20,380.964355
2011-06-21,388.005249
2011-06-22,386.70224
2011-06-23,397.995148
2011-06-24,398.406677
2011-06-27,398.47525
2011-06-28,398.26947
2011-06-29,404.738922
2011-06-30,410.796875
2011-07-01,394.08609
2011-07-04,397.035034
2011-07-05,386.770782
2011-07-06,389.948425
2011-07-07,398.086609
2011-07-08,390.839996
2011-07-11,390.131287
2011-07-12,387.593811
2011-07-13,395.686279
2011-07-14,396.646393
2011-07-15,399.229645
2011-07-18,396.669342
2011-07-19,402.087128
2011-07-20,400.601227
2011-07-21,393.583191
2011-07-22,399.298218
2011-07-25,403.641663
2011-07-26,398.452393
2011-07-27,393.583191
2011-07-28,382.838928
2011-07-29,378.541168
2011-08-01,379.867096
2011-08-02,382.81601
2011-08-03,377.215302
2011-08-04,371.408844
2011-08-05,362.104736
2011-08-08,356.915497
2011-08-09,349.897491
2011-08-10,353.303619
2011-08-11,353.052094
2011-08-12,347.885712
2011-08-16,347.085602
2011-08-17,345.188263
2011-08-18,338.878815
2011-08-19,334.924042
2011-08-22,346.102661
2011-08-23,349.874573
2011-08-24,348.068634
2011-08-25,344.502441
2011-08-26,328.911804
2011-08-29,345.21109
2011-08-30,357.807068
2011-09-02,368.25415
2011-09-05,360.664551
2011-09-06,375.592285
2011-09-07,381.078613
2011-09-08,389.742645
2011-09-09,377.535339
2011-09-12,368.642761
2011-09-13,370.44873
2011-09-14,377.375275
2011-09-15,382.358856
2011-09-16,377.489624
2011-09-19,375.615082
2011-09-20,389.445404
2011-09-21,382.953156
2011-09-22,359.521606
2011-09-23,352.320557
2011-09-26,347.10849
2011-09-27,364.482178
2011-09-28,364.482178
2011-09-29,369.282806
2011-09-30,369.579956
2011-10-03,360.367401
2011-10-04,352.777771
2011-10-05,350.674652
2011-10-07,367.088196
2011-10-10,379.13559
2011-10-11,378.106903
2011-10-12,388.462555
2011-10-13,387.2052
2011-10-14,396.349243
2011-10-17,381.21582
2011-10-18,374.860748
2011-10-19,385.422028
2011-10-20,383.456116
2011-10-21,382.107361
2011-10-24,387.022308
2011-10-25,400.486969
2011-10-28,411.482697
2011-10-31,401.218475
2011-11-01,393.468872
2011-11-02,398.589539
2011-11-03,405.036102
2011-11-04,402.315735
2011-11-08,404.030243
2011-11-09,395.457733
2011-11-11,404.784607
2011-11-14,400.829834
2011-11-15,393.857513
2011-11-16,387.753815
2011-11-17,370.311523
2011-11-18,369.465668
2011-11-21,359.521606
2011-11-22,363.56778
2011-11-23,353.600769
2011-11-24,353.486481
2011-11-25,344.639587
2011-11-28,358.355652
2011-11-29,349.760254
2011-11-30,355.818268
2011-12-01,365.305145
2011-12-02,371.271667
2011-12-05,368.84848
2011-12-07,370.242981
2011-12-08,356.092499
2011-12-09,345.50827
2011-12-12,332.615173
2011-12-13,339.381805
2011-12-14,339.198914
2011-12-15,342.970795
2011-12-16,330.031982
2011-12-19,336.181305
2011-12-20,326.191498
2011-12-21,341.987823
2011-12-22,344.982513
2011-12-23,341.256287
2011-12-26,347.931427
2011-12-27,344.296722
2011-12-28,337.895874
2011-12-29,325.482788
2011-12-30,316.818787
2012-01-02,323.036774
2012-01-03,331.312134
2012-01-04,327.425873
2012-01-05,319.813477
2012-01-06,328.065948
2012-01-07,
2012-01-09,322.899597
2012-01-10,336.592773
2012-01-11,342.102112
2012-01-12,336.912872
2012-01-13,334.581116
2012-01-16,325.96286
2012-01-17,339.267487
2012-01-18,356.504028
2012-01-19,359.201508
2012-01-20,362.401917
2012-01-23,352.754974
2012-01-24,358.332825
2012-01-25,361.624695
2012-01-27,375.089325
2012-01-30,363.362091
2012-01-31,373.580536
2012-02-01,380.0271
2012-02-02,379.13559
2012-02-03,383.273254
2012-02-06,380.850067
2012-02-07,386.130768
2012-02-08,392.463013
2012-02-09,390.382721
2012-02-10,385.536407
2012-02-13,388.279572
2012-02-14,388.119537
2012-02-15,382.518921
2012-02-16,371.454529
2012-02-17,374.083435
2012-02-21,385.673523
2012-02-22,381.032959
2012-02-23,383.867645
2012-02-24,374.883575
2012-02-27,357.281219
2012-02-28,364.16217
2012-02-29,375.249329
2012-03-01,370.768768
2012-03-02,372.208954
2012-03-03,
2012-03-05,364.619354
2012-03-06,355.040955
2012-03-07,348.297211
2012-03-09,353.78363
2012-03-12,365.099457
2012-03-13,374.883575
2012-03-14,372.391815
2012-03-15,364.230713
2012-03-16,353.120758
2012-03-19,345.234009
2012-03-20,347.725677
2012-03-21,351.154755
2012-03-22,336.661377
2012-03-23,340.181854
2012-03-26,333.803894
2012-03-27,334.23822
2012-03-28,331.792175
2012-03-29,331.312134
2012-03-30,343.176544
2012-04-02,338.581696
2012-04-03,344.136688
2012-04-04,341.53064
2012-04-09,339.313171
2012-04-10,339.541779
2012-04-11,333.895325
2012-04-12,339.838989
2012-04-13,343.61087
2012-04-16,342.033478
2012-04-17,341.256287
2012-04-18,342.262177
2012-04-19,339.084595
2012-04-20,334.146759
2012-04-23,336.638611
2012-04-24,336.089874
2012-04-25,336.638611
2012-04-26,340.639099
2012-04-27,339.244629
2012-04-30,340.661926
2012-05-02,339.953217
2012-05-03,337.804413
2012-05-04,332.135101
2012-05-07,327.220123
2012-05-08,323.859711
2012-05-09,317.801758
2012-05-10,317.367462
2012-05-11,318.761902
2012-05-14,311.492371
2012-05-15,311.652405
2012-05-16,309.114929
2012-05-17,313.252625
2012-05-18,314.807098
2012-05-21,317.98465
2012-05-22,315.972961
2012-05-23,314.029846
2012-05-24,317.89325
2012-05-25,316.018738
2012-05-28,320.796478
2012-05-29,320.887909
2012-05-30,322.899597
2012-05-31,326.532379
2012-06-01,317.114899
2012-06-04,320.585754
2012-06-05,325.120911
2012-06-06,331.29892
2012-06-07,333.77475
2012-06-08,337.685181
2012-06-11,334.237579
2012-06-12,334.561462
2012-06-13,331.48407
2012-06-14,331.507141
2012-06-15,336.320007
2012-06-18,332.687256
2012-06-19,341.271637
2012-06-20,341.248535
2012-06-21,332.594696
2012-06-22,329.031342
2012-06-25,331.437775
2012-06-26,334.81601
2012-06-27,334.35318
2012-06-28,333.149994
2012-06-29,341.456787
2012-07-02,341.248535
2012-07-03,340.762634
2012-07-04,339.790771
2012-07-05,341.850128
2012-07-06,340.068451
2012-07-09,338.657043
2012-07-10,342.312927
2012-07-11,335.810944
2012-07-12,333.751587
2012-07-13,332.502136
2012-07-16,333.358307
2012-07-17,332.895477
2012-07-18,331.252625
2012-07-19,336.805908
2012-07-20,334.422638
2012-07-23,332.733521
2012-07-24,335.278748
2012-07-25,332.849213
2012-07-26,328.638031
2012-07-27,333.659058
2012-07-30,337.638885
2012-07-31,344.117737
2012-08-01,345.57547
2012-08-02,342.2435
2012-08-03,343.631775
2012-08-06,363.762421
2012-08-07,362.698029
2012-08-08,365.960571
2012-08-09,361.032043
2012-08-10,361.934479
2012-08-13,364.734222
2012-08-14,370.009796
2012-08-16,377.691864
2012-08-17,377.668732
2012-08-21,376.812653
2012-08-22,373.827789
2012-08-23,367.672821
2012-08-24,361.934479
2012-08-27,364.364044
2012-08-28,365.682953
2012-08-29,361.957642
2012-08-30,362.536041
2012-08-31,354.668915
2012-09-03,353.118622
2012-09-04,360.777557
2012-09-05,356.867126
2012-09-06,355.501953
2012-09-07,366.400238
2012-09-08,
2012-09-10,366.539063
2012-09-11,366.053162
2012-09-12,369.338898
2012-09-13,369.824707
2012-09-14,389.538849
2012-09-17,404.347595
2012-09-18,395.948212
2012-09-20,385.258148
2012-09-21,393.495605
2012-09-24,387.039917
2012-09-25,388.613342
2012-09-26,390.927155
2012-09-27,384.031921
2012-09-28,387.433228
2012-10-01,385.720978
2012-10-03,391.55188
2012-10-04,394.698822
2012-10-05,396.966339
2012-10-08,379.195862
2012-10-09,377.298523
2012-10-10,377.622528
2012-10-11,379.450409
2012-10-12,378.964508
2012-10-15,380.88504
2012-10-16,375.979553
2012-10-17,372.601379
2012-10-18,375.447479
2012-10-19,371.513855
2012-10-22,377.437378
2012-10-23,374.822693
2012-10-25,375.030975
2012-10-29,375.401123
2012-10-30,371.722076
2012-10-31,372.763367
2012-11-01,373.503784
2012-11-02,373.897095
2012-11-05,373.064178
2012-11-06,372.740234
2012-11-07,370.61142
2012-11-08,368.644714
2012-11-09,364.502808
2012-11-11,
2012-11-12,364.04007
2012-11-15,363.0914
2012-11-16,358.71817
2012-11-19,358.32486
2012-11-20,354.183044
2012-11-21,356.890289
2012-11-22,354.414398
2012-11-23,358.070374
2012-11-26,358.024017
2012-11-27,364.109497
2012-11-29,369.431366
2012-11-30,367.302673
2012-12-03,372.069183
2012-12-04,381.64856
2012-12-05,385.304504
2012-12-06,390.533844
2012-12-07,386.230042
2012-12-10,383.314606
2012-12-11,379.496674
2012-12-12,385.304504
2012-12-13,386.068054
2012-12-14,388.381897
2012-12-17,386.02179
2012-12-18,384.749176
2012-12-19,388.497589
2012-12-20,387.734039
2012-12-21,381.903107
2012-12-24,379.797516
2012-12-26,383.291443
2012-12-27,378.409149
2012-12-28,388.844696
2012-12-31,388.520752
2013-01-01,389.052948
2013-01-02,392.408051
2013-01-03,398.331543
2013-01-04,398.840637
2013-01-07,396.411041
2013-01-08,393.657501
2013-01-09,394.606232
2013-01-10,393.379883
2013-01-11,388.682739
2013-01-14,392.222931
2013-01-15,392.037781
2013-01-16,398.609192
2013-01-17,411.867645
2013-01-18,416.587921
2013-01-21,425.727692
2013-01-22,425.773926
2013-01-23,427.162262
2013-01-24,423.691467
2013-01-25,422.141205
2013-01-28,415.361572
2013-01-29,408.558807
2013-01-30,416.217651
2013-01-31,410.317322
2013-02-01,413.71875
2013-02-04,410.340424
2013-02-05,404.810394
2013-02-06,405.226837
2013-02-07,403.954224
2013-02-08,399.627319
2013-02-11,401.871704
2013-02-12,405.134277
2013-02-13,406.777161
2013-02-14,396.156494
2013-02-15,391.413116
2013-02-18,392.199799
2013-02-19,392.616333
2013-02-20,404.833496
2013-02-21,397.614258
2013-02-22,399.187653
2013-02-25,395.369751
2013-02-26,381.093231
2013-02-27,384.702881
2013-02-28,376.627533
2013-03-01,375.030975
2013-03-04,376.048981
2013-03-05,382.412201
2013-03-06,386.530823
2013-03-07,387.109314
2013-03-08,393.958374
2013-03-11,390.811462
2013-03-12,392.361725
2013-03-13,391.042847
2013-03-14,398.007568
2013-03-15,390.418121
2013-03-18,386.091217
2013-03-19,381.787445
2013-03-20,380.723053
2013-03-21,376.048981
2013-03-22,375.123505
2013-03-25,374.498749
2013-03-26,362.512939
2013-03-28,357.676941
2013-04-01,360.384216
2013-04-02,367.395203
2013-04-03,359.366089
2013-04-04,355.201141
2013-04-05,361.008881
2013-04-08,365.312683
2013-04-09,359.551178
2013-04-10,360.684998
2013-04-11,356.843933
2013-04-12,358.81076
2013-04-15,367.256378
2013-04-16,372.508881
2013-04-17,358.04718
2013-04-18,361.703064
2013-04-22,365.474701
2013-04-23,371.930389
2013-04-25,379.311554
2013-04-26,366.701019
2013-04-29,366.816681
2013-04-30,364.757416
2013-05-02,371.56012
2013-05-03,370.449524
2013-05-06,380.213959
2013-05-07,383.245148
2013-05-08,383.939331
2013-05-09,378.594238
2013-05-10,380.395782
2013-05-13,375.73996
2013-05-14,373.47052
2013-05-15,383.226715
2013-05-16,393.357147
2013-05-17,390.947388
2013-05-20,388.911987
2013-05-21,387.71875
2013-05-22,383.109741
2013-05-23,367.060028
2013-05-24,367.995911
2013-05-27,387.578369
2013-05-28,394.643951
2013-05-29,396.749603
2013-05-30,391.555664
2013-05-31,377.284119
2013-06-03,368.674377
2013-06-04,365.071411
2013-06-05,375.272064
2013-06-06,370.592834
2013-06-07,366.662323
2013-06-10,369.352875
2013-06-11,367.598114
2013-06-12,370.031342
2013-06-13,369.563385
2013-06-14,381.191254
2013-06-17,386.291595
2013-06-18,385.285553
2013-06-19,389.169281
2013-06-20,373.400391
2013-06-21,370.990601
2013-06-24,370.897003
2013-06-25,376.114288
2013-06-26,376.020721
2013-06-27,388.37381
2013-06-28,403.627991
2013-07-01,414.437012
2013-07-02,407.956299
2013-07-03,398.129974
2013-07-04,403.183502
2013-07-05,411.933594
2013-07-08,405.663483
2013-07-09,409.336639
2013-07-10,400.539734
2013-07-11,407.114044
2013-07-12,416.425659
2013-07-15,419.654297
2013-07-16,421.408997
2013-07-17,428.123657
2013-07-18,429.199829
2013-07-19,432.217896
2013-07-22,425.362946
2013-07-23,425.596893
2013-07-24,425.503357
2013-07-25,416.799957
2013-07-26,416.519226
2013-07-29,414.437012
2013-07-30,401.171448
2013-07-31,408.049896
2013-08-01,397.732239
2013-08-02,401.171448
2013-08-05,403.136688
2013-08-06,393.544373
2013-08-07,408.23703
2013-08-08,405.055176
2013-08-12,395.696777
2013-08-13,399.089233
2013-08-14,404.751068
2013-08-16,386.829681
2013-08-19,383.811584
2013-08-20,386.198029
2013-08-21,366.662323
2013-08-22,377.190552
2013-08-23,383.460663
2013-08-26,384.911224
2013-08-27,375.856934
2013-08-28,379.857727
2013-08-29,395.509613
2013-08-30,399.533722
2013-09-02,414.928253
2013-09-03,388.841705
2013-09-04,397.428101
2013-09-05,403.604645
2013-09-06,406.154816
2013-09-10,416.612793
2013-09-11,415.396271
2013-09-12,409.617371
2013-09-13,408.494385
2013-09-16,403.230347
2013-09-17,401.545807
2013-09-18,408.003082
2013-09-19,416.729797
2013-09-20,412.658905
2013-09-23,409.126068
2013-09-24,409.243042
2013-09-25,397.28775
2013-09-26,392.234161
2013-09-27,393.006256
2013-09-30,384.817566
2013-10-01,384.373108
2013-10-03,396.305084
2013-10-04,399.791077
2013-10-07,394.94812
2013-10-08,395.369202
2013-10-09,402.83255
2013-10-10,402.411438
2013-10-11,403.978973
2013-10-14,407.230988
2013-10-15,406.061249
2013-10-17,411.933594
2013-10-18,423.772003
2013-10-21,427.30484
2013-10-22,423.093506
2013-10-23,419.607544
2013-10-24,413.875488
2013-10-25,415.045288
2013-10-28,416.799957
2013-10-29,419.63089
2013-10-30,420.262604
2013-10-31,428.006683
2013-11-01,424.988556
2013-11-05,425.667053
2013-11-06,420.473175
2013-11-07,414.530609
2013-11-08,409.874756
2013-11-11,404.236328
2013-11-12,398.948822
2013-11-13,395.111847
2013-11-14,398.504272
2013-11-18,409.313293
2013-11-19,410.997772
2013-11-20,403.581238
2013-11-21,396.609222
2013-11-22,394.807709
2013-11-25,398.527679
2013-11-26,393.637909
2013-11-27,392.093811
2013-11-28,396.772949
2013-11-29,399.229584
2013-12-02,400.212219
2013-12-03,403.300476
2013-12-04,400.56311
2013-12-05,407.558533
2013-12-06,405.546509
2013-12-09,411.278534
2013-12-10,413.945648
2013-12-11,412.986359
2013-12-12,407.184235
2013-12-13,404.610626
2013-12-16,395.416016
2013-12-17,392.678711
2013-12-18,402.388
2013-12-19,399.627289
2013-12-20,418.858826
2013-12-23,419.373596
2013-12-24,420.21579
2013-12-26,415.302704
2013-12-27,411.23175
2013-12-30,415.092041
2013-12-31,418.882202
2014-01-01,415.887482
2014-01-02,409.430237
2014-01-03,404.400085
2014-01-06,400.048431
2014-01-07,394.035645
2014-01-08,397.28775
2014-01-09,398.059753
2014-01-10,401.545807
2014-01-13,411.957001
2014-01-14,412.471741
2014-01-15,414.319977
2014-01-16,414.647522
2014-01-17,413.992462
2014-01-20,406.973633
2014-01-21,403.838593
2014-01-22,408.23703
2014-01-23,405.125397
2014-01-24,405.990997
2014-01-27,394.527008
2014-01-28,395.322418
2014-01-29,391.462097
2014-01-30,386.034241
2014-01-31,388.911987
2014-02-03,384.115753
2014-02-04,384.419891
2014-02-05,382.407867
2014-02-06,381.752716
2014-02-07,381.097656
2014-02-10,384.607056
2014-02-11,376.792847
2014-02-12,382.711975
2014-02-13,377.798859
2014-02-14,384.653809
2014-02-17,380.091644
2014-02-18,380.48938
2014-02-19,380.068268
2014-02-20,376.886414
2014-02-21,379.717285
2014-02-24,380.115051
2014-02-25,379.272797
2014-02-26,379.342957
2014-02-28,374.312836
2014-03-03,375.927185
2014-03-04,380.395782
2014-03-05,377.611664
2014-03-06,384.841003
2014-03-07,406.809906
2014-03-10,414.319977
2014-03-11,409.313293
2014-03-12,407.722351
2014-03-13,411.559265
2014-03-14,414.647522
2014-03-18,419.467163
2014-03-19,422.532043
2014-03-20,423.93576
2014-03-21,414.483826
2014-03-22,
2014-03-24,423.655029
2014-03-25,411.442291
2014-03-26,417.010559
2014-03-27,421.479218
2014-03-28,428.68515
2014-03-31,435.516785
2014-04-01,441.061646
2014-04-02,448.361176
2014-04-03,445.764252
2014-04-04,441.833679
2014-04-07,441.786896
2014-04-09,450.209503
2014-04-10,453.438141
2014-04-11,446.278961
2014-04-15,444.103119
2014-04-16,440.453308
2014-04-17,448.782349
2014-04-21,449.016235
2014-04-22,452.829895
2014-04-23,452.549133
2014-04-24,452.549133
2014-04-25,443.705383
2014-04-28,442.184631
2014-04-29,439.985413
2014-04-30,437.879761
2014-05-02,434.276825
2014-05-05,443.050323
2014-05-06,450.771027
2014-05-07,449.601196
2014-05-08,449.343872
2014-05-09,466.797272
2014-05-12,481.349579
2014-05-13,497.586456
2014-05-14,489.210663
2014-05-15,492.907196
2014-05-16,509.598663
2014-05-19,528.863647
2014-05-20,509.882019
2014-05-21,509.197296
2014-05-22,519.77417
2014-05-23,532.357666
2014-05-26,520.199158
2014-05-27,513.706665
2014-05-28,514.155334
2014-05-29,506.907318
2014-05-30,502.728546
2014-06-02,510.991669
2014-06-03,517.224487
2014-06-04,508.772491
2014-06-05,514.627441
2014-06-06,529.973328
2014-06-09,530.091248
2014-06-10,528.037354
2014-06-11,520.388062
2014-06-12,516.634216
2014-06-13,510.849976
2014-06-16,503.082672
2014-06-17,514.698303
2014-06-18,503.696564
2014-06-19,492.057281
2014-06-20,489.413025
2014-06-23,490.097717
2014-06-24,500.438507
2014-06-25,496.259644
2014-06-26,477.797455
2014-06-27,477.891937
2014-06-30,479.450104
2014-07-01,475.956024
2014-07-02,480.795837
2014-07-03,475.247742
2014-07-04,487.264679
2014-07-07,485.021881
2014-07-08,469.841278
2014-07-09,472.627136
2014-07-10,470.856476
2014-07-11,456.360596
2014-07-14,454.117767
2014-07-15,459.052002
2014-07-16,467.315155
2014-07-17,463.915466
2014-07-18,461.200439
2014-07-21,471.069
2014-07-22,486.792511
2014-07-23,487.87854
2014-07-24,491.561462
2014-07-25,482.495636
2014-07-28,474.822754
2014-07-30,475.082489
2014-07-31,475.224152
2014-08-01,460.987915
2014-08-04,465.095856
2014-08-05,464.552887
2014-08-06,466.583252
2014-08-07,467.126312
2014-08-08,462.971039
2014-08-11,462.971039
2014-08-12,464.812592
2014-08-13,467.527618
2014-08-14,473.571472
2014-08-18,478.340515
2014-08-19,476.569855
2014-08-20,471.399506
2014-08-21,469.864899
2014-08-22,471.375885
2014-08-25,470.195465
2014-08-26,469.038605
2014-08-27,469.203827
2014-08-28,471.564697
2014-09-01,478.836304
2014-09-02,483.416412
2014-09-03,486.934174
2014-09-04,484.40799
2014-09-05,484.289978
2014-09-08,489.979736
2014-09-09,487.760468
2014-09-10,479.662659
2014-09-11,481.338837
2014-09-12,479.544556
2014-09-15,473.477051
2014-09-16,462.451691
2014-09-17,466.819397
2014-09-18,474.492249
2014-09-19,470.030182
2014-09-22,468.18869
2014-09-23,456.05368
2014-09-24,455.675903
2014-09-25,439.055206
2014-09-26,440.660645
2014-09-29,440.613464
2014-09-30,446.539276
2014-10-01,437.803955
2014-10-07,437.308167
2014-10-08,442.289703
2014-10-09,450.76532
2014-10-10,453.598389
2014-10-13,452.299866
2014-10-14,453.881653
2014-10-15,453.881653
2014-10-16,439.598297
2014-10-17,442.856323
2014-10-20,441.51059
2014-10-21,438.819153
2014-10-22,446.515656
2014-10-27,444.485291
2014-10-28,441.038361
2014-10-29,449.325165
2014-10-30,462.380859
2014-10-31,472.438263
2014-11-03,473.288208
2014-11-05,468.070648
2014-11-07,462.971039
2014-11-10,457.706238
2014-11-11,461.648987
2014-11-12,459.925568
2014-11-13,457.659088
2014-11-14,457.611877
2014-11-17,465.190308
2014-11-18,466.819397
2014-11-19,461.86145
2014-11-20,463.089142
2014-11-21,471.09256
2014-11-24,465.261169
2014-11-25,468.873322
2014-11-26,466.063904
2014-11-27,466.819397
2014-11-28,468.21228
2014-12-01,454.046936
2014-12-02,454.542725
2014-12-03,457.234131
2014-12-04,452.606812
2014-12-05,452.040131
2014-12-08,446.019897
2014-12-09,443.777008
2014-12-10,440.330139
2014-12-11,427.864563
2014-12-12,416.62674
2014-12-15,414.950562
2014-12-16,408.245605
2014-12-17,410.559265
2014-12-18,415.564362
2014-12-19,425.220398
2014-12-22,427.274384
2014-12-23,422.009583
2014-12-24,417.476715
2014-12-26,419.695923
2014-12-29,423.544159
2014-12-30,415.587921
2014-12-31,420.781952
2015-01-01,419.247345
2015-01-02,418.137756
2015-01-05,413.557617
2015-01-06,394.788483
2015-01-07,403.382172
2015-01-08,397.597931
2015-01-09,406.21521
2015-01-12,401.493469
2015-01-13,398.117401
2015-01-14,394.245514
2015-01-15,408.080322
2015-01-16,410.653717
2015-01-19,415.351868
2015-01-20,426.400879
2015-01-21,428.147888
2015-01-22,417.287811
2015-01-23,418.775177
2015-01-27,419.790375
2015-01-28,428.195129
2015-01-29,438.842773
2015-01-30,432.161469
2015-02-02,428.76178
2015-02-03,442.71463
2015-02-04,438.559387
2015-02-05,436.151306
2015-02-06,429.635284
2015-02-09,423.402527
2015-02-10,416.461517
2015-02-11,425.291229
2015-02-12,429.281158
2015-02-13,433.223846
2015-02-16,426.282806
2015-02-18,425.739807
2015-02-19,425.928711
2015-02-20,412.259155
2015-02-23,402.036438
2015-02-24,397.314667
2015-02-25,398.117401
2015-02-26,397.574371
2015-02-27,403.972382
2015-02-28,
2015-03-02,408.080322
2015-03-03,425.33844
2015-03-04,419.223785
2015-03-05,417.854431
2015-03-09,410.630096
2015-03-10,405.672211
2015-03-11,404.161255
2015-03-12,407.867859
2015-03-13,401.399017
2015-03-16,397.621552
2015-03-17,404.586243
2015-03-18,410.157898
2015-03-19,404.255737
2015-03-20,403.28775
2015-03-23,397.550751
2015-03-24,400.383789
2015-03-25,398.943665
2015-03-26,391.577698
2015-03-27,383.267334
2015-03-30,382.818787
2015-03-31,390.019562
2015-04-01,394.764923
2015-04-06,389.38208
2015-04-07,393.253937
2015-04-08,408.859406
2015-04-09,422.647034
2015-04-10,427.014709
2015-04-13,435.584747
2015-04-15,436.127777
2015-04-16,438.347015
2015-04-17,437.638733
2015-04-20,418.184937
2015-04-21,413.840942
2015-04-22,415.399109
2015-04-23,414.124207
2015-04-24,414.997803
2015-04-27,413.297882
2015-04-28,408.528961
2015-04-29,401.351807
2015-04-30,407.183228
2015-05-04,420.687469
2015-05-05,421.254089
2015-05-06,415.635193
2015-05-07,411.149506
2015-05-08,424.977844
2015-05-11,427.963257
2015-05-12,414.946899
2015-05-13,422.780609
2015-05-14,419.484711
2015-05-15,417.45462
2015-05-18,425.861542
2015-05-19,427.772186
2015-05-20,434.125122
2015-05-21,428.345398
2015-05-22,431.736847
2015-05-25,427.27066
2015-05-26,422.541809
2015-05-27,422.876129
2015-05-28,418.338318
2015-05-29,418.91153
2015-06-01,430.972565
2015-06-02,429.25293
2015-06-03,428.154297
2015-06-04,435.964142
2015-06-05,433.59967
2015-06-08,422.947754
2015-06-09,422.111877
2015-06-10,432.668243
2015-06-11,418.983185
2015-06-12,425.04953
2015-06-15,430.733704
2015-06-16,431.784576
2015-06-17,444.800964
2015-06-18,467.609375
2015-06-19,476.064056
2015-06-22,473.699585
2015-06-23,475.275879
2015-06-24,473.317505
2015-06-25,479.837616
2015-06-26,477.998566
2015-06-29,473.293579
2015-06-30,477.711945
2015-07-01,480.363037
2015-07-02,482.846893
2015-07-03,481.103363
2015-07-06,485.091858
2015-07-07,479.216644
2015-07-08,476.040192
2015-07-09,471.64563
2015-07-10,478.524017
2015-07-13,481.007874
2015-07-14,476.613342
2015-07-15,482.990173
2015-07-16,488.984894
2015-07-17,488.029572
2015-07-20,489.48642
2015-07-21,481.390045
2015-07-22,501.738464
2015-07-23,499.302399
2015-07-24,489.6297
2015-07-27,480.219757
2015-07-28,482.560242
2015-07-29,475.753571
2015-07-30,477.73587
2015-07-31,478.547852
2015-08-03,478.834503
2015-08-04,471.932251
2015-08-05,471.812836
2015-08-06,467.609375
2015-08-07,470.188782
2015-08-10,462.808868
2015-08-11,461.423615
2015-08-12,450.389587
2015-08-13,445.827911
2015-08-14,461.877411
2015-08-17,454.115417
2015-08-18,450.962769
2015-08-19,455.978241
2015-08-20,437.683716
2015-08-21,433.695221
2015-08-24,396.246399
2015-08-25,405.13089
2015-08-26,407.638702
2015-08-27,415.161865
2015-08-28,416.714264
2015-08-31,408.832794
2015-09-01,401.166321
2015-09-02,405.799683
2015-09-03,407.853607
2015-09-04,399.279541
2015-09-07,397.989838
2015-09-08,405.345856
2015-09-09,417.50238
2015-09-10,414.134888
2015-09-11,411.245026
2015-09-14,412.630249
2015-09-15,414.134888
2015-09-16,416.78595
2015-09-18,427.700562
2015-09-21,419.436951
2015-09-22,405.011505
2015-09-23,406.181763
2015-09-24,399.972168
2015-09-28,398.491394
2015-09-29,401.596191
2015-09-30,411.889893
2015-10-01,413.036224
2015-10-05,424.165863
2015-10-06,428.966339
2015-10-07,436.489563
2015-10-08,424.691254
2015-10-09,423.855316
2015-10-12,425.957092
2015-10-13,426.840759
2015-10-14,431.306885
2015-10-15,431.665161
2015-10-16,436.967194
2015-10-19,460.229492
2015-10-20,456.981354
2015-10-21,456.169312
2015-10-23,456.479828
2015-10-26,450.365692
2015-10-27,448.789429
2015-10-28,447.547485
2015-10-29,449.482056
2015-10-30,452.682404
2015-11-02,458.462097
2015-11-03,461.996826
2015-11-04,454.401978
2015-11-05,447.380371
2015-11-06,454.927399
2015-11-09,459.154724
2015-11-10,440.764648
2015-11-13,445.68457
2015-11-16,446.281647
2015-11-17,443.152985
2015-11-18,435.629791
2015-11-19,446.496643
2015-11-20,452.276367
2015-11-23,455.572266
2015-11-24,462.235687
2015-11-26,472.242767
2015-11-27,467.657166
2015-11-30,461.949097
2015-12-01,461.375885
2015-12-02,467.131744
2015-12-03,466.773529
2015-12-04,461.16095
2015-12-07,454.760254
2015-12-08,449.434265
2015-12-09,437.492615
2015-12-10,453.948212
2015-12-11,455.190125
2015-12-14,456.217072
2015-12-15,466.152496
2015-12-16,467.466095
2015-12-17,482.297577
2015-12-18,473.795105
2015-12-21,473.890656
2015-12-22,471.5979
2015-12-23,479.47937
2015-12-24,477.926941
2015-12-28,482.631927
2015-12-29,485.020233
2015-12-30,479.81369
2015-12-31,484.638123
2016-01-01,484.996307
2016-01-04,475.41925
2016-01-05,480.124237
2016-01-06,493.045013
2016-01-07,483.993256
2016-01-08,489.964111
2016-01-11,502.311707
2016-01-12,499.374023
2016-01-13,514.372681
2016-01-14,507.112244
2016-01-15,512.677002
2016-01-18,485.71283
2016-01-19,498.490448
2016-01-20,479.837616
2016-01-21,470.117157
2016-01-22,479.646515
2016-01-25,479.550964
2016-01-27,477.353729
2016-01-28,485.736725
2016-01-29,494.573547
2016-02-01,492.137482
2016-02-02,478.213562
2016-02-03,468.779694
2016-02-04,464.791168
2016-02-05,463.764221
2016-02-08,459.059204
2016-02-09,457.363495
2016-02-10,459.823456
2016-02-11,441.62442
2016-02-12,433.02652
2016-02-15,452.228607
2016-02-16,444.490448
2016-02-17,455.022919
2016-02-18,449.052124
2016-02-19,451.082184
2016-02-22,459.656281
2016-02-23,453.613831
2016-02-24,455.046844
2016-02-25,450.962769
2016-02-26,453.948212
2016-02-29,461.734161
2016-03-01,468.731903
2016-03-02,478.380737
2016-03-03,483.802185
2016-03-04,480.721252
2016-03-08,490.561188
2016-03-09,497.582825
2016-03-10,483.276825
2016-03-11,484.590363
2016-03-14,487.098053
2016-03-15,487.45636
2016-03-16,488.053406
2016-03-17,490.345917
2016-03-18,495.751312
2016-03-21,500.625824
2016-03-22,505.717529
2016-03-23,496.716553
2016-03-28,492.469452
2016-03-29,500.119049
2016-03-30,505.33139
2016-03-31,504.438538
2016-04-01,499.250336
2016-04-04,499.539856
2016-04-05,495.630615
2016-04-06,498.912506
2016-04-07,500.601654
2016-04-08,500.167267
2016-04-11,502.073639
2016-04-12,505.500275
2016-04-13,514.501221
2016-04-18,513.87384
2016-04-20,500.625824
2016-04-21,502.483917
2016-04-22,501.422119
2016-04-25,490.780243
2016-04-26,490.804352
2016-04-27,491.986847
2016-04-28,481.03125
2016-04-29,474.274567
2016-05-02,476.325653
2016-05-03,470.944427
2016-05-04,472.054443
2016-05-05,470.678955
2016-05-06,467.638428
2016-05-09,474.467529
2016-05-10,474.202118
2016-05-11,470.751373
2016-05-12,479.149017
2016-05-13,472.078552
2016-05-16,471.016815
2016-05-17,467.734924
2016-05-18,468.410614
2016-05-19,459.071838
2016-05-20,450.867249
2016-05-23,448.840271
2016-05-24,453.883667
2016-05-25,459.071838
2016-05-26,456.972443
2016-05-27,470.413483
2016-05-30,467.517792
2016-05-31,462.281342
2016-06-01,460.230164
2016-06-02,461.509125
2016-06-03,463.150024
2016-06-06,460.809296
2016-06-07,460.929962
2016-06-08,460.471497
2016-06-09,468.700165
2016-06-10,471.378784
2016-06-13,473.502319
2016-06-14,471.161591
2016-06-15,475.191528
2016-06-16,471.18573
2016-06-17,470.51001
2016-06-20,477.894196
2016-06-21,476.398071
2016-06-22,473.212769
2016-06-23,473.188599
2016-06-24,459.192505
2016-06-27,461.219574
2016-06-28,462.257172
2016-06-29,466.649048
2016-06-30,467.734924
2016-07-01,469.810242
2016-07-04,476.205017
2016-07-05,479.293823
2016-07-07,476.784149
2016-07-08,472.199249
2016-07-11,479.004211
2016-07-12,484.264832
2016-07-13,486.846832
2016-07-14,484.98877
2016-07-15,488.511932
2016-07-18,485.64035
2016-07-19,491.21463
2016-07-20,493.724243
2016-07-21,485.688568
2016-07-22,489.790863
2016-07-25,493.603577
2016-07-26,494.231049
2016-07-27,488.946289
2016-07-28,495.341064
2016-07-29,489.815002
2016-08-01,487.208862
2016-08-02,488.801453
2016-08-03,479.704041
2016-08-04,479.245544
2016-08-05,490.466522
2016-08-08,496.740631
2016-08-09,497.44046
2016-08-10,484.385468
2016-08-11,489.428925
2016-08-12,499.901855
2016-08-16,494.641266
2016-08-17,489.042816
2016-08-18,491.335297
2016-08-19,489.815002
2016-08-22,488.343018
2016-08-23,487.667328
2016-08-24,492.517731
2016-08-25,488.753174
2016-08-26,496.089142
2016-08-29,510.350586
2016-08-30,514.670166
2016-08-31,511.58139
2016-09-01,496.716553
2016-09-02,489.066925
2016-09-06,492.228119
2016-09-07,491.142242
2016-09-08,498.74353
2016-09-09,504.124847
2016-09-12,505.065948
2016-09-14,504.221375
2016-09-15,513.994385
2016-09-16,519.086121
2016-09-19,522.392151
2016-09-20,518.43457
2016-09-21,517.49353
2016-09-22,525.553284
2016-09-23,532.237732
2016-09-26,534.361206
2016-09-27,535.953857
2016-09-28,526.373718
2016-09-29,517.590027
2016-09-30,523.019531
2016-10-03,526.397949
2016-10-04,529.124695
2016-10-05,525.770508
2016-10-06,536.098633
2016-10-07,535.229919
2016-10-10,529.124695
2016-10-13,510.205811
2016-10-14,520.099731
2016-10-17,511.895081
2016-10-18,521.764709
2016-10-19,524.781128
2016-10-20,524.877625
2016-10-21,513.608398
2016-10-24,513.174072
2016-10-25,511.991638
2016-10-26,508.709747
2016-10-27,506.127686
2016-10-28,509.144104
2016-11-01,507.237701
2016-11-02,494.086212
2016-11-03,494.182739
2016-11-04,485.30246
2016-11-07,483.178955
2016-11-08,484.31311
2016-11-09,484.843994
2016-11-10,487.643188
2016-11-11,483.468475
2016-11-15,475.577576
2016-11-16,476.132629
2016-11-17,471.885498
2016-11-18,476.591064
2016-11-21,478.521637
2016-11-22,483.3237
2016-11-23,486.96756
2016-11-24,476.518738
2016-11-25,479.583374
2016-11-28,476.180908
2016-11-29,481.513916
2016-11-30,477.821838
2016-12-01,481.538025
2016-12-02,480.090149
2016-12-05,479.655762
2016-12-06,485.133545
2016-12-07,482.213715
2016-12-08,492.300537
2016-12-09,496.595886
2016-12-12,495.751312
2016-12-13,501.832336
2016-12-14,511.339996
2016-12-15,508.178925
2016-12-16,510.205811
2016-12-19,512.812012
2016-12-20,510.56781
2016-12-21,513.149902
2016-12-22,508.371918
2016-12-23,510.27829
2016-12-26,505.524445
2016-12-27,513.84967
2016-12-28,506.610321
2016-12-29,514.211609
2016-12-30,522.392151
2017-01-02,523.69519
2017-01-03,525.770508
2017-01-04,515.032104
2017-01-05,519.979004
2017-01-06,518.79657
2017-01-09,520.123779
2017-01-10,525.987732
2017-01-11,524.153748
2017-01-12,522.826538
2017-01-13,526.253113
2017-01-16,519.424011
2017-01-17,502.532135
2017-01-18,498.333344
2017-01-19,498.888306
2017-01-20,495.075592
2017-01-23,490.297638
2017-01-24,495.799561
2017-01-25,490.973297
2017-01-27,494.737793
2017-01-30,504.245453
2017-01-31,504.438538
2017-02-01,506.586182
2017-02-02,503.618042
2017-02-03,498.864197
2017-02-06,502.725189
2017-02-07,497.536987
2017-02-08,494.761902
2017-02-09,498.42984
2017-02-10,497.174988
2017-02-13,497.030212
2017-02-14,506.658539
2017-02-15,507.382538
2017-02-16,515.20105
2017-02-17,519.061951
2017-02-20,519.013733
2017-02-21,525.191345
2017-02-22,582.768372
2017-02-23,570.823486
2017-02-27,597.922791
2017-02-28,597.512512
2017-03-01,595.799316
2017-03-02,596.885193
2017-03-03,607.40625
2017-03-06,629.993103
2017-03-07,629.80011
2017-03-08,623.164001
2017-03-09,621.016357
2017-03-10,618.554932
2017-03-14,622.343506
2017-03-15,629.80011
2017-03-16,626.276917
2017-03-17,627.748901
2017-03-20,618.144714
2017-03-21,609.940063
2017-03-22,607.961426
2017-03-23,614.525085
2017-03-24,621.016357
2017-03-27,603.810791
2017-03-28,601.228699
2017-03-29,606.489319
2017-03-30,613.246033
2017-03-31,637.497925
2017-04-03,663.438965
2017-04-05,682.912781
2017-04-06,694.254578
2017-04-07,678.858826
2017-04-10,666.672607
2017-04-11,662.328918
2017-04-12,653.472778
2017-04-13,658.685059
2017-04-17,671.740112
2017-04-18,661.291321
2017-04-19,660.615662
2017-04-20,660.9776
2017-04-21,676.880066
2017-04-24,684.071106
2017-04-25,691.503662
2017-04-26,683.61261
2017-04-27,680.258362
2017-04-28,673.356934
2017-05-02,661.460205
2017-05-03,661.24292
2017-05-04,655.37915
2017-05-05,641.045227
2017-05-08,637.739258
2017-05-09,642.058716
2017-05-10,655.934082
2017-05-11,656.151306
2017-05-12,651.75946
2017-05-15,648.694763
2017-05-16,654.582764
2017-05-17,653.038391
2017-05-18,640.610901
2017-05-19,636.508545
2017-05-22,639.066406
2017-05-23,630.089661
2017-05-24,626.301025
2017-05-25,628.593506
2017-05-26,645.413025
2017-05-29,654.872375
2017-05-30,656.05481
2017-05-31,647.053833
2017-06-01,641.045227
2017-06-02,639.356018
2017-06-05,641.576111
2017-06-06,633.588684
2017-06-07,646.233398
2017-06-08,642.710266
2017-06-09,644.640747
2017-06-12,636.798157
2017-06-13,634.336853
2017-06-14,655.161926
2017-06-15,667.927368
2017-06-16,670.268127
2017-06-19,680.137817
2017-06-20,681.63385
2017-06-21,686.29126
2017-06-22,691.43103
2017-06-23,692.975525
2017-06-27,693.602966
2017-06-28,674.949524
2017-06-29,672.15033
2017-06-30,666.021118
2017-07-03,666.527771
2017-07-04,686.26709
2017-07-05,696.257385
2017-07-06,696.209229
2017-07-07,719.664612
2017-07-10,720.485107
2017-07-11,721.209045
2017-07-12,729.292969
2017-07-13,739.988586
2017-07-14,745.652405
2017-07-17,754.403259
2017-07-18,738.919006
2017-07-19,745.263489
2017-07-20,743.294495
2017-07-21,770.568176
2017-07-24,785.274597
2017-07-25,778.905884
2017-07-26,788.920837
2017-07-27,775.332642
2017-07-28,775.162476
2017-07-31,785.250366
2017-08-01,779.610901
2017-08-02,792.056641
2017-08-03,802.217346
2017-08-04,788.62915
2017-08-07,785.809448
2017-08-08,779.100464
2017-08-09,777.277283
2017-08-10,770.252197
2017-08-11,751.72937
2017-08-14,764.758545
2017-08-16,761.379761
2017-08-17,761.865906
2017-08-18,765.901062
2017-08-21,760.553284
2017-08-22,758.438477
2017-08-23,769.134033
2017-08-24,762.32782
2017-08-28,761.598572
2017-08-29,744.874512
2017-08-30,760.40741
2017-08-31,775.186768
2017-09-01,782.770935
2017-09-04,784.350952
2017-09-05,793.709656
2017-09-06,799.932495
2017-09-07,795.459656
2017-09-08,794.292969
2017-09-11,795.265259
2017-09-12,800.95343
2017-09-13,825.504639
2017-09-14,820.497192
2017-09-15,818.503906
2017-09-18,822.150146
2017-09-19,815.392456
2017-09-20,823.705811
2017-09-21,818.066345
2017-09-22,794.779114
2017-09-25,798.81427
2017-09-26,797.404419
2017-09-27,777.034241
2017-09-28,764.685669
2017-09-29,759.289307
2017-10-03,776.256348
2017-10-04,796.189026
2017-10-05,801.342346
2017-10-06,813.885376
2017-10-09,807.662476
2017-10-10,819.865112
2017-10-11,816.899536
2017-10-12,848.597351
2017-10-13,852.195007
2017-10-16,852.535217
2017-10-17,850.153076
2017-10-18,889.191895
2017-10-19,884.719299
2017-10-23,913.743164
2017-10-24,908.395386
2017-10-25,913.888977
2017-10-26,921.181458
2017-10-27,904.117126
2017-10-30,916.417053
2017-10-31,914.812805
2017-11-01,926.188965
2017-11-02,920.403625
2017-11-03,919.139587
2017-11-06,906.693848
2017-11-07,881.607849
2017-11-08,863.230896
2017-11-09,875.579407
2017-11-10,859.390137
2017-11-13,851.028198
2017-11-14,862.161316
2017-11-15,859.244324
2017-11-16,878.83667
2017-11-17,886.663879
2017-11-20,895.366272
2017-11-21,906.742493
2017-11-22,904.992249
2017-11-23,920.792542
2017-11-24,924.779053
2017-11-27,925.022156
2017-11-28,917.243591
2017-11-29,919.820251
2017-11-30,896.046875
2017-12-01,884.913757
2017-12-04,876.648987
2017-12-05,888.414063
2017-12-06,901.005737
2017-12-07,905.770081
2017-12-08,895.512085
2017-12-11,890.796326
2017-12-12,890.261536
2017-12-13,889.33783
2017-12-14,895.99823
2017-12-15,894.296631
2017-12-18,895.512085
2017-12-19,900.325012
2017-12-20,892.740967
2017-12-21,887.684875
2017-12-22,894.928711
2017-12-26,904.068604
2017-12-27,898.185974
2017-12-28,898.623535
2017-12-29,895.56073
2018-01-01,884.573486
2018-01-02,885.934692
2018-01-03,889.483643
2018-01-04,894.831421
2018-01-05,897.699829
2018-01-08,902.853149
2018-01-09,914.910095
2018-01-10,916.271301
2018-01-11,911.798584
2018-01-12,922.737183
2018-01-15,922.882996
2018-01-16,897.408081
2018-01-17,898.915222
2018-01-18,894.248108
2018-01-19,905.527039
2018-01-22,944.614563
2018-01-23,956.039368
2018-01-24,939.607056
2018-01-25,939.169556
2018-01-29,937.808289
2018-01-30,924.09845
2018-01-31,934.696777
2018-02-01,917.729736
2018-02-02,879.322876
2018-02-05,877.183777
2018-02-06,867.411865
2018-02-07,869.648193
2018-02-08,879.517334
2018-02-09,873.002686
2018-02-12,890.164307
2018-02-14,907.812073
2018-02-15,909.756653
2018-02-16,895.803772
2018-02-19,901.34613
2018-02-20,895.609314
2018-02-21,903.631042
2018-02-22,898.769348
2018-02-23,908.395386
2018-02-26,912.722229
2018-02-27,924.195679
2018-02-28,928.133667
2018-03-01,922.153748
2018-03-05,898.526306
2018-03-06,885.642944
2018-03-07,865.126953
2018-03-08,886.226379
2018-03-09,887.830688
2018-03-12,904.554688
2018-03-13,906.061829
2018-03-14,903.339233
2018-03-15,886.566711
2018-03-16,875.141907
2018-03-19,870.717773
2018-03-20,865.175476
2018-03-21,872.078979
2018-03-22,883.0177
2018-03-23,869.162048
2018-03-26,876.162781
2018-03-27,874.898743
2018-03-28,858.272034
2018-04-02,868.238342
2018-04-03,874.65564
2018-04-04,870.134338
2018-04-05,883.066284
2018-04-06,885.788879
2018-04-09,890.650391
2018-04-10,891.671387
2018-04-11,905.089478
2018-04-12,902.998901
2018-04-13,912.868103
2018-04-16,911.11792
2018-04-17,918.118652
2018-04-18,912.041626
2018-04-19,916.222595
2018-04-20,902.22113
2018-04-23,910.096924
2018-04-24,943.204651
2018-04-25,943.642151
2018-04-26,948.357971
2018-04-27,968.728271
2018-04-30,936.641479
2018-05-02,945.781311
2018-05-03,934.988464
2018-05-04,927.550171
2018-05-07,944.128418
2018-05-08,940.336304
2018-05-09,949.670654
2018-05-10,953.997498
2018-05-11,961.87323
2018-05-14,959.296631
2018-05-15,951.858337
2018-05-16,929.689392
2018-05-17,919.188171
2018-05-18,908.006531
2018-05-21,905.575623
2018-05-22,901.102966
2018-05-23,887.00415
2018-05-24,890.504578
2018-05-25,895.317627
2018-05-28,894.928711
2018-05-29,892.060303
2018-05-30,890.74762
2018-05-31,895.852417
2018-06-01,904.797852
2018-06-04,914.812805
2018-06-05,921.424561
2018-06-06,927.987732
2018-06-07,944.468689
2018-06-08,957.108948
2018-06-11,955.455994
2018-06-12,969.554688
2018-06-13,974.756653
2018-06-14,980.055786
2018-06-15,986.132874
2018-06-18,987.445435
2018-06-19,968.485107
2018-06-20,991.043152
2018-06-21,1003.391663
2018-06-22,984.479919
2018-06-25,976.652649
2018-06-26,951.858337
2018-06-27,944.912292
2018-06-28,924.465332
2018-06-29,951.369263
2018-07-02,939.776123
2018-07-03,950.244141
2018-07-04,968.636658
2018-07-05,943.591553
2018-07-06,956.358582
2018-07-09,975.484863
2018-07-10,1003.464844
2018-07-11,1016.280823
2018-07-12,1058.886719
2018-07-13,1075.958618
2018-07-16,1052.870117
2018-07-17,1068.670044
2018-07-18,1068.865723
2018-07-19,1080.899048
2018-07-20,1104.183105
2018-07-23,1096.01416
2018-07-24,1086.866821
2018-07-25,1090.975708
2018-07-26,1086.57312
2018-07-27,1105.357056
2018-07-30,1126.439941
2018-07-31,1160.289917
2018-08-01,1166.502197
2018-08-02,1143.022461
2018-08-03,1151.436035
2018-08-06,1166.746948
2018-08-07,1158.528931
2018-08-08,1191.302734
2018-08-09,1191.547241
2018-08-10,1178.095337
2018-08-13,1161.953003
2018-08-14,1184.356567
2018-08-16,1174.769043
2018-08-17,1177.655029
2018-08-20,1208.129761
2018-08-21,1220.163208
2018-08-23,1241.930908
2018-08-24,1249.806274
2018-08-27,1263.502808
2018-08-28,1290.406738
2018-08-29,1266.144287
2018-08-30,1246.822388
2018-08-31,1214.733643
2018-09-03,1202.504395
2018-09-04,1215.026855
2018-09-05,1200.401123
2018-09-06,1234.055298
2018-09-07,1250.882446
2018-09-10,1228.62561
2018-09-11,1210.869141
2018-09-12,1225.348267
2018-09-14,1225.984253
2018-09-17,1199.324951
2018-09-18,1190.764648
2018-09-19,1184.503418
2018-09-21,1191.107056
2018-09-24,1205.341675
2018-09-25,1203.923096
2018-09-26,1224.272339
2018-09-27,1226.571167
2018-09-28,1230.680176
2018-10-01,1204.99939
2018-10-03,1178.97583
2018-10-04,1097.921753
2018-10-05,1026.113037
2018-10-08,1085.350464
2018-10-09,1066.420044
2018-10-10,1078.20874
2018-10-11,1064.21875
2018-10-12,1102.128662
2018-10-15,1115.04248
2018-10-16,1138.571167
2018-10-17,1126.341919
2018-10-19,1077.426025
2018-10-22,1039.613892
2018-10-23,1031.836304
2018-10-24,1023.080139
2018-10-25,1008.454224
2018-10-26,1022.248596
2018-10-29,1064.21875
2018-10-30,1034.086426
2018-10-31,1038.244263
2018-11-01,1033.352661
2018-11-02,1051.598145
2018-11-05,1066.664429
2018-11-06,1080.165283
2018-11-07,1086.622192
2018-11-09,1069.746094
2018-11-12,1056.587769
2018-11-13,1075.616089
2018-11-14,1074.148682
2018-11-15,1073.072388
2018-11-16,1102.960327
2018-11-19,1125.070313
2018-11-20,1112.743408
2018-11-21,1088.774414
2018-11-22,1078.942505
2018-11-26,1085.692871
2018-11-27,1103.742798
2018-11-28,1127.662842
2018-11-29,1143.169312
2018-11-30,1142.239746
2018-12-03,1131.380493
2018-12-04,1127.320435
2018-12-05,1130.108521
2018-12-06,1099.291504
2018-12-07,1109.221558
2018-12-10,1066.615601
2018-12-11,1073.757324
2018-12-12,1086.426514
2018-12-13,1083.051392
2018-12-14,1088.089722
2018-12-17,1105.406006
2018-12-18,1111.765259
2018-12-19,1112.156372
2018-12-20,1103.987549
2018-12-21,1076.349854
2018-12-24,1065.539429
2018-12-26,1074.540039
2018-12-27,1095.916138
2018-12-28,1101.150269
2018-12-31,1096.943359
2019-01-01,1096.699097
2019-01-02,1082.415405
2019-01-03,1069.061401
2019-01-04,1074.833618
2019-01-07,1080.80127
2019-01-08,1080.703369
2019-01-09,1086.671143
2019-01-10,1083.491699
2019-01-11,1074.246338
2019-01-14,1073.023682
2019-01-15,1105.161377
2019-01-16,1111.275879
2019-01-17,1109.857422
2019-01-18,1158.675659
2019-01-21,1210.869141
2019-01-22,1208.374512
2019-01-23,1199.716187
2019-01-24,1220.407715
2019-01-25,1218.989136
2019-01-28,1202.895752
2019-01-29,1184.405518
2019-01-30,1169.779663
2019-01-31,1200.547852
2019-02-01,1222.853638
2019-02-04,1262.915771
2019-02-05,1263.55188
2019-02-06,1281.846313
2019-02-07,1262.426758
2019-02-08,1250.002075
2019-02-11,1226.081909
2019-02-12,1229.163818
2019-02-14,1197.661743
2019-02-15,1217.4729
2019-02-18,1193.650757
2019-02-19,1189.737305
2019-02-20,1207.591797
2019-02-21,1219.869751
2019-02-22,1205.635132
2019-02-25,1205.586182
2019-02-26,1193.797363
2019-02-27,1196.976929
2019-02-28,1204.363281
2019-03-01,1199.471558
2019-03-05,1210.82019
2019-03-06,1237.381714
2019-03-07,1242.713501
2019-03-08,1239.631714
2019-03-11,1275.829712
2019-03-12,1302.489014
2019-03-13,1318.09314
2019-03-14,1312.467896
2019-03-15,1292.99939
2019-03-18,1320.783569
2019-03-19,1346.708984
2019-03-20,1345.632935
2019-03-22,1312.663574
2019-03-25,1295.738525
2019-03-26,1337.610718
2019-03-27,1320.000977
2019-03-28,1330.517944
2019-04-01,1361.67749
2019-04-02,1359.574097
2019-04-03,1345.388306
2019-04-04,1323.718628
2019-04-05,1324.550171
2019-04-08,1300.434448
2019-04-09,1305.521851
2019-04-10,1302.537964
2019-04-11,1317.604004
2019-04-12,1313.984253
2019-04-15,1311.098267
2019-04-16,1314.620239
2019-04-18,1355.905396
2019-04-22,1316.185425
2019-04-23,1334.284546
2019-04-24,1359.378418
2019-04-25,1342.649048
2019-04-26,1362.606812
2019-04-30,1362.606812
2019-05-02,1374.591187
2019-05-03,1378.308838
2019-05-06,1354.878052
2019-05-07,1314.37561
2019-05-08,1271.280518
2019-05-09,1229.212646
2019-05-10,1224.027588
2019-05-13,1205.341675
2019-05-14,1233.125977
2019-05-15,1229.653076
2019-05-16,1237.919678
2019-05-17,1239.925293
2019-05-20,1297.157104
2019-05-21,1310.755859
2019-05-22,1311.342773
2019-05-23,1304.983643
2019-05-24,1307.869873
2019-05-27,1282.237671
2019-05-28,1295.053589
2019-05-29,1284.585693
2019-05-30,1300.923706
2019-05-31,1301.314941
2019-06-03,1330.713623
2019-06-04,1322.348877
2019-06-06,1298.575806
2019-06-07,1286.39563
2019-06-10,1290.553467
2019-06-11,1300.33667
2019-06-12,1303.271606
2019-06-13,1298.477783
2019-06-14,1288.988037
2019-06-17,1254.502319
2019-06-18,1253.230591
2019-06-19,1249.659668
2019-06-20,1268.638916
2019-06-21,1251.762939
2019-06-24,1235.033691
2019-06-25,1267.758545
2019-06-26,1266.095459
2019-06-27,1246.529053
2019-06-28,1225.935303
2019-07-01,1241.343994
2019-07-02,1250.784668
2019-07-03,1254.746948
2019-07-04,1256.165405
2019-07-05,1235.963135
2019-07-08,1224.908081
2019-07-09,1252.349976
2019-07-10,1251.126953
2019-07-11,1253.768433
2019-07-12,1252.741211
2019-07-15,1248.436768
2019-07-16,1264.970337
2019-07-17,1254.062134
2019-07-18,1234.495483
2019-07-19,1221.924072
2019-07-22,1252.741211
2019-07-23,1245.942017
2019-07-24,1231.805298
2019-07-25,1204.803711
2019-07-26,1187.487305
2019-07-29,1184.699097
2019-07-30,1155.300537
2019-07-31,1140.968018
2019-08-01,1154.664429
2019-08-02,1165.092163
2019-08-05,1124.758789
2019-08-06,1109.953491
2019-08-07,1091.36084
2019-08-08,1133.612427
2019-08-09,1143.203857
2019-08-13,1254.022339
2019-08-14,1267.302734
2019-08-16,1257.21936
2019-08-19,1271.582031
2019-08-20,1255.202759
2019-08-21,1250.283936
2019-08-22,1226.477539
2019-08-23,1255.104248
2019-08-26,1246.201538
2019-08-27,1254.120605
2019-08-28,1242.758423
2019-08-29,1221.558716
2019-08-30,1228.248291
2019-09-03,1186.783691
2019-09-04,1181.619019
2019-09-05,1179.110474
2019-09-06,1202.621826
2019-09-09,1202.32666
2019-09-11,1214.328369
2019-09-12,1190.669434
2019-09-13,1205.671509
2019-09-16,1191.062988
2019-09-17,1177.979126
2019-09-18,1186.095093
2019-09-19,1159.878418
2019-09-20,1233.953979
2019-09-23,1219.050293
2019-09-24,1257.907959
2019-09-25,1258.744141
2019-09-26,1275.713623
2019-09-27,1287.764404
2019-09-30,1310.58728
2019-10-01,1283.681885
2019-10-03,1289.732056
2019-10-04,1286.829834
2019-10-07,1288.797485
2019-10-09,1303.209106
2019-10-10,1340.591187
2019-10-11,1330.606201
2019-10-14,1335.918457
2019-10-15,1341.968628
2019-10-16,1350.035156
2019-10-17,1373.79248
2019-10-18,1393.319824
2019-10-22,1391.155518
2019-10-23,1369.759155
2019-10-24,1413.093018
2019-10-25,1407.928223
2019-10-27,1410.928711
2019-10-29,1443.195313
2019-10-30,1455.049438
2019-10-31,1440.539185
2019-11-01,1433.210449
2019-11-04,1433.94812
2019-11-05,1423.766479
2019-11-06,1411.568115
2019-11-07,1434.882813
2019-11-08,1421.995728
2019-11-11,1404.583618
2019-11-13,1448.359985
2019-11-14,1438.965332
2019-11-15,1446.933594
2019-11-18,1435.473022
2019-11-19,1485.20105
2019-11-20,1522.484741
2019-11-21,1512.598145
2019-11-22,1521.353516
2019-11-25,1536.158813
2019-11-26,1534.879883
2019-11-27,1544.32373
2019-11-28,1554.60376
2019-11-29,1525.927856
2019-12-02,1560.703125
2019-12-03,1553.226685
2019-12-04,1527.452637
2019-12-05,1525.63269
2019-12-06,1529.616943
2019-12-09,1547.029053
2019-12-10,1536.552246
2019-12-11,1536.994995
2019-12-12,1542.700562
2019-12-13,1557.161621
2019-12-16,1541.126709
2019-12-17,1537.290039
2019-12-18,1550.226196
2019-12-19,1583.771851
2019-12-20,1573.098145
2019-12-23,1545.848511
2019-12-24,1521.304321
2019-12-26,1490.759155
2019-12-27,1517.270874
2019-12-30,1519.09082
